group_code,group_label,index,doy_bin_label,doy_bin_center,n_dates,support_pixels_total,env_q_low,env_q_med,env_q_high,curve_min,curve_med,curve_max,median_of_date_q10,median_of_date_q90,min_of_date_min,max_of_date_max
BR_OTHER_MIX,Fir/other or strongly mixed stand,NBR,061-090,76,1,13642,0.4740343689918518,0.4740343689918518,0.4740343689918518,0.4740343689918518,0.4740343689918518,0.4740343689918518,0.2407422959804535,0.638733983039856,-0.17112265527248383,0.7586622834205627
BR_OTHER_MIX,Fir/other or strongly mixed stand,NBR,091-120,106,1,13874,0.4300164580345154,0.4300164580345154,0.4300164580345154,0.4300164580345154,0.4300164580345154,0.4300164580345154,0.18465997278690338,0.5849223136901855,-0.09086669981479645,0.6932592988014221
BR_OTHER_MIX,Fir/other or strongly mixed stand,NBR,121-150,136,5,67312,0.3710136413574219,0.4256410300731659,0.5387906193733215,0.3710136413574219,0.4256410300731659,0.5915223360061646,0.23509368300437927,0.5668899416923523,-0.17773625254631042,0.7266099452972412
BR_OTHER_MIX,Fir/other or strongly mixed stand,NBR,151-180,166,1,13912,0.6615749001502991,0.6615749001502991,0.6615749001502991,0.6615749001502991,0.6615749001502991,0.6615749001502991,0.5811604261398315,0.7043198347091675,0.07389256358146667,0.7690694332122803
BR_OTHER_MIX,Fir/other or strongly mixed stand,NBR,181-210,196,6,83472,0.6361640095710754,0.6507557928562164,0.6639128625392914,0.6294708847999573,0.6507557928562164,0.6721988916397095,0.5749897062778473,0.6953831017017365,-0.010834302753210068,0.7785286903381348
BR_OTHER_MIX,Fir/other or strongly mixed stand,NBR,211-240,226,9,125208,0.6491405010223389,0.6719315052032471,0.676587986946106,0.6441600322723389,0.6719315052032471,0.679871678352356,0.5920031070709229,0.7155683636665344,-0.035028696060180664,0.8057395219802856
BR_OTHER_MIX,Fir/other or strongly mixed stand,NBR,241-270,256,2,27824,0.6267027974128723,0.6438217759132385,0.6609407544136048,0.6224230527877808,0.6438217759132385,0.6652204990386963,0.5584370493888855,0.6978013217449188,0.027906976640224457,0.7926566004753113
BR_OTHER_MIX,Fir/other or strongly mixed stand,NBR,271-300,286,10,138247,0.506111791729927,0.6541179716587067,0.6769124150276185,0.4412805736064911,0.6541179716587067,0.6929175853729248,0.5368150174617767,0.7212002575397491,-0.3418024182319641,0.820891797542572
BR_OTHER_MIX,Fir/other or strongly mixed stand,NBR,301-330,316,6,77932,0.48588132858276367,0.5284553468227386,0.5682735741138458,0.4824492931365967,0.5284553468227386,0.5750567317008972,0.3050464689731598,0.6673312783241272,-0.35742971301078796,0.8116058707237244
BR_OTHER_MIX,Fir/other or strongly mixed stand,NDMI,061-090,76,1,13642,0.24463210999965668,0.24463210999965668,0.24463210999965668,0.24463210999965668,0.24463210999965668,0.24463210999965668,0.031402233988046646,0.413848340511322,-0.31755849719047546,0.5605649948120117
BR_OTHER_MIX,Fir/other or strongly mixed stand,NDMI,091-120,106,1,13874,0.19018487632274628,0.19018487632274628,0.19018487632274628,0.19018487632274628,0.19018487632274628,0.19018487632274628,-0.022620851173996925,0.3375389873981476,-0.2398802787065506,0.4669068455696106
BR_OTHER_MIX,Fir/other or strongly mixed stand,NDMI,121-150,136,5,67312,0.12570111453533173,0.18574291467666626,0.28605279326438904,0.12570111453533173,0.18574291467666626,0.3280833661556244,0.013823912478983402,0.33056995272636414,-0.36849886178970337,0.5176219344139099
BR_OTHER_MIX,Fir/other or strongly mixed stand,NDMI,151-180,166,1,13912,0.3784372806549072,0.3784372806549072,0.3784372806549072,0.3784372806549072,0.3784372806549072,0.3784372806549072,0.2849391996860504,0.44438374042510986,-0.15153566002845764,0.5620957016944885
BR_OTHER_MIX,Fir/other or strongly mixed stand,NDMI,181-210,196,6,83472,0.3455854058265686,0.3580818176269531,0.38156621158123016,0.3423336148262024,0.3580818176269531,0.38872018456459045,0.26966753602027893,0.4240756630897522,-0.26829269528388977,0.5634620189666748
BR_OTHER_MIX,Fir/other or strongly mixed stand,NDMI,211-240,226,9,125208,0.35026360154151914,0.37326931953430176,0.3858067214488983,0.34588757157325745,0.37326931953430176,0.38592442870140076,0.2855481803417206,0.4501594305038452,-0.2981192469596863,0.6008723974227905
BR_OTHER_MIX,Fir/other or strongly mixed stand,NDMI,241-270,256,2,27824,0.32768766582012177,0.347353920340538,0.3670201748609543,0.3227711021900177,0.347353920340538,0.37193673849105835,0.23961862921714783,0.42779208719730377,-0.31871896982192993,0.5916362404823303
BR_OTHER_MIX,Fir/other or strongly mixed stand,NDMI,271-300,286,10,138247,0.2265019580721855,0.3686882108449936,0.39496360421180726,0.1788424700498581,0.3686882108449936,0.41650694608688354,0.2229163944721222,0.46194005012512207,-0.5602157115936279,0.6243743896484375
BR_OTHER_MIX,Fir/other or strongly mixed stand,NDMI,301-330,316,6,77932,0.22336434572935104,0.25920258462429047,0.30211301147937775,0.21848732233047485,0.25920258462429047,0.31831422448158264,0.0344100259244442,0.42189522087574005,-0.5611375570297241,0.62621009349823
BR_OTHER_MIX,Fir/other or strongly mixed stand,NDRE,061-090,76,1,13642,0.5106399655342102,0.5106399655342102,0.5106399655342102,0.5106399655342102,0.5106399655342102,0.5106399655342102,0.3482024371623993,0.6180804371833801,0.08574091643095016,0.6917850971221924
BR_OTHER_MIX,Fir/other or strongly mixed stand,NDRE,091-120,106,1,13874,0.4740633964538574,0.4740633964538574,0.4740633964538574,0.4740633964538574,0.4740633964538574,0.4740633964538574,0.34930434823036194,0.564434289932251,0.25246912240982056,0.6274164915084839
BR_OTHER_MIX,Fir/other or strongly mixed stand,NDRE,121-150,136,5,67312,0.4511151075363159,0.4539535641670227,0.48725053668022156,0.4492228031158447,0.4539535641670227,0.4916325509548187,0.35484185814857483,0.5457364320755005,0.1754964143037796,0.6669629812240601
BR_OTHER_MIX,Fir/other or strongly mixed stand,NDRE,151-180,166,1,13912,0.6670853495597839,0.6670853495597839,0.6670853495597839,0.6670853495597839,0.6670853495597839,0.6670853495597839,0.6102436184883118,0.7088321447372437,0.35457319021224976,0.748418927192688
BR_OTHER_MIX,Fir/other or strongly mixed stand,NDRE,181-210,196,6,83472,0.65010005235672,0.6665940284729004,0.6813664138317108,0.6416634917259216,0.6665940284729004,0.692258358001709,0.6166239976882935,0.7016612887382507,0.3035714328289032,0.7693024277687073
BR_OTHER_MIX,Fir/other or strongly mixed stand,NDRE,211-240,226,9,125208,0.6221896052360535,0.6739820837974548,0.6952111005783081,0.6216668486595154,0.6739820837974548,0.6980475187301636,0.629725456237793,0.7059372067451477,0.32572469115257263,0.7728281021118164
BR_OTHER_MIX,Fir/other or strongly mixed stand,NDRE,241-270,256,2,27824,0.6545776426792145,0.6599731743335724,0.6653687059879303,0.653228759765625,0.6599731743335724,0.6667175889015198,0.6087397336959839,0.6923196017742157,0.35089170932769775,0.7547143697738647
BR_OTHER_MIX,Fir/other or strongly mixed stand,NDRE,271-300,286,10,138247,0.5323026776313782,0.5639883279800415,0.6403094470500946,0.511557936668396,0.5639883279800415,0.658143937587738,0.4567066580057144,0.6551152765750885,0.2583504319190979,0.849532425403595
BR_OTHER_MIX,Fir/other or strongly mixed stand,NDRE,301-330,316,6,77932,0.5411403775215149,0.5577474534511566,0.5810444355010986,0.5335807204246521,0.5577474534511566,0.5924164056777954,0.44732923805713654,0.6543054580688477,0.19526804983615875,0.8796771764755249
BR_OTHER_MIX,Fir/other or strongly mixed stand,NDVI,061-090,76,1,13642,0.7013148069381714,0.7013148069381714,0.7013148069381714,0.7013148069381714,0.7013148069381714,0.7013148069381714,0.48355019092559814,0.8385989665985107,0.14425814151763916,0.9405020475387573
BR_OTHER_MIX,Fir/other or strongly mixed stand,NDVI,091-120,106,1,13874,0.6657207012176514,0.6657207012176514,0.6657207012176514,0.6657207012176514,0.6657207012176514,0.6657207012176514,0.4962117373943329,0.7769275903701782,0.3011515140533447,0.8604726195335388
BR_OTHER_MIX,Fir/other or strongly mixed stand,NDVI,121-150,136,5,67312,0.6559478044509888,0.6666666865348816,0.7506529569625855,0.6559478044509888,0.6666666865348816,0.7954660654067993,0.5249175429344177,0.7839123010635376,0.24383863806724548,0.9132648706436157
BR_OTHER_MIX,Fir/other or strongly mixed stand,NDVI,151-180,166,1,13912,0.8848481774330139,0.8848481774330139,0.8848481774330139,0.8848481774330139,0.8848481774330139,0.8848481774330139,0.8342030644416809,0.9121198058128357,0.4088924825191498,0.9359999895095825
BR_OTHER_MIX,Fir/other or strongly mixed stand,NDVI,181-210,196,6,83472,0.8605327308177948,0.8759889006614685,0.8863441646099091,0.8576233386993408,0.8759889006614685,0.8880645632743835,0.823089063167572,0.9036685228347778,0.29215070605278015,0.9363759160041809
BR_OTHER_MIX,Fir/other or strongly mixed stand,NDVI,211-240,226,9,125208,0.8370775699615478,0.8735193014144897,0.8915500044822693,0.7986953258514404,0.8735193014144897,0.8924652934074402,0.8266130685806274,0.899604082107544,0.36241087317466736,0.9441094398498535
BR_OTHER_MIX,Fir/other or strongly mixed stand,NDVI,241-270,256,2,27824,0.8592157959938049,0.8684118390083313,0.8776078820228577,0.8569167852401733,0.8684118390083313,0.8799068927764893,0.8198575377464294,0.8921025097370148,0.40860387682914734,0.9300234317779541
BR_OTHER_MIX,Fir/other or strongly mixed stand,NDVI,271-300,286,10,138247,0.7231423258781433,0.8198718726634979,0.8714728116989136,0.6840641498565674,0.8198718726634979,0.8877938389778137,0.7093547582626343,0.8934671580791473,0.3240644931793213,1.0
BR_OTHER_MIX,Fir/other or strongly mixed stand,NDVI,301-330,316,6,77932,0.7388870120048523,0.7523328065872192,0.7661567032337189,0.7334921956062317,0.7523328065872192,0.7717425227165222,0.5953485667705536,0.8624204695224762,0.28901350498199463,1.0
FA_DOM_MIXED,Beech-dominated mixed (fir/other),NBR,061-090,76,1,21154,0.39526650309562683,0.39526650309562683,0.39526650309562683,0.39526650309562683,0.39526650309562683,0.39526650309562683,0.18999813497066498,0.5908658504486084,-0.2730042040348053,0.7910234928131104
FA_DOM_MIXED,Beech-dominated mixed (fir/other),NBR,091-120,106,1,21192,0.28529390692710876,0.28529390692710876,0.28529390692710876,0.28529390692710876,0.28529390692710876,0.28529390692710876,0.1298772245645523,0.4562598466873169,-0.14187541604042053,0.6936814188957214
FA_DOM_MIXED,Beech-dominated mixed (fir/other),NBR,121-150,136,5,103611,0.267831951379776,0.3679388165473938,0.4908198475837708,0.267831951379776,0.3679388165473938,0.5649620294570923,0.21615001559257507,0.5028458833694458,-0.17893056571483612,0.7023075819015503
FA_DOM_MIXED,Beech-dominated mixed (fir/other),NBR,151-180,166,1,21214,0.6600381731987,0.6600381731987,0.6600381731987,0.6600381731987,0.6600381731987,0.6600381731987,0.5750560164451599,0.7026304006576538,0.16407914459705353,0.7659955024719238
FA_DOM_MIXED,Beech-dominated mixed (fir/other),NBR,181-210,196,6,126978,0.6284633576869965,0.6476218998432159,0.6592217087745667,0.6235933899879456,0.6476218998432159,0.6663406491279602,0.5413654148578644,0.6966445446014404,-0.10769230872392654,0.8810597658157349
FA_DOM_MIXED,Beech-dominated mixed (fir/other),NBR,211-240,226,9,189763,0.6383914113044739,0.6575627326965332,0.6688615202903747,0.6351128220558167,0.6575627326965332,0.6689760088920593,0.5651413202285767,0.7014231085777283,0.03329207003116608,0.8266315460205078
FA_DOM_MIXED,Beech-dominated mixed (fir/other),NBR,241-270,256,2,42428,0.6166964590549469,0.6327288448810577,0.6487612307071686,0.6126883625984192,0.6327288448810577,0.6527693271636963,0.5265601575374603,0.6934414207935333,-0.03842666745185852,0.7956298589706421
FA_DOM_MIXED,Beech-dominated mixed (fir/other),NBR,271-300,286,10,204967,0.404889440536499,0.6195671856403351,0.6539372265338897,0.38313329219818115,0.6195671856403351,0.6704655885696411,0.4850764572620392,0.6931056380271912,-0.2822737395763397,0.8549479842185974
FA_DOM_MIXED,Beech-dominated mixed (fir/other),NBR,301-330,316,6,106089,0.405239000916481,0.41774560511112213,0.4866328835487366,0.40501123666763306,0.41774560511112213,0.4896632432937622,0.23283673077821732,0.6005800664424896,-0.36378857493400574,0.8462069034576416
FA_DOM_MIXED,Beech-dominated mixed (fir/other),NDMI,061-090,76,1,21154,0.17060396075248718,0.17060396075248718,0.17060396075248718,0.17060396075248718,0.17060396075248718,0.17060396075248718,-0.02066873572766781,0.37437987327575684,-0.3709102272987366,0.6959748268127441
FA_DOM_MIXED,Beech-dominated mixed (fir/other),NDMI,091-120,106,1,21192,0.06441012024879456,0.06441012024879456,0.06441012024879456,0.06441012024879456,0.06441012024879456,0.06441012024879456,-0.06980162113904953,0.21866241097450256,-0.2951352000236511,0.43814679980278015
FA_DOM_MIXED,Beech-dominated mixed (fir/other),NDMI,121-150,136,5,103611,0.032184623181819916,0.12921054661273956,0.23640960454940796,0.032184623181819916,0.12921054661273956,0.2985936403274536,-0.007189446594566107,0.25873246788978577,-0.357120543718338,0.472027063369751
FA_DOM_MIXED,Beech-dominated mixed (fir/other),NDMI,151-180,166,1,21214,0.37540197372436523,0.37540197372436523,0.37540197372436523,0.37540197372436523,0.37540197372436523,0.37540197372436523,0.27787333726882935,0.43334096670150757,-0.09426812082529068,0.533155620098114
FA_DOM_MIXED,Beech-dominated mixed (fir/other),NDMI,181-210,196,6,126978,0.33557432889938354,0.35282716155052185,0.37171708047389984,0.3333108127117157,0.35282716155052185,0.38045382499694824,0.2441844418644905,0.4227025806903839,-0.34090909361839294,0.6722626090049744
FA_DOM_MIXED,Beech-dominated mixed (fir/other),NDMI,211-240,226,9,189763,0.33711872696876527,0.3580547571182251,0.3723887920379639,0.32790592312812805,0.3580547571182251,0.3766343593597412,0.24925896525382996,0.424615740776062,-0.23943662643432617,0.5997655987739563
FA_DOM_MIXED,Beech-dominated mixed (fir/other),NDMI,241-270,256,2,42428,0.3116336166858673,0.3304953873157501,0.34935715794563293,0.3069181740283966,0.3304953873157501,0.35407260060310364,0.21021561324596405,0.4098448157310486,-0.2836286127567291,0.5930511951446533
FA_DOM_MIXED,Beech-dominated mixed (fir/other),NDMI,271-300,286,10,204967,0.11474394053220749,0.32237134873867035,0.36254575848579407,0.11310940235853195,0.32237134873867035,0.3825172185897827,0.16826798021793365,0.4175167828798294,-0.5538819432258606,0.6688243746757507
FA_DOM_MIXED,Beech-dominated mixed (fir/other),NDMI,301-330,316,6,106089,0.13385562971234322,0.15751957148313522,0.19715862721204758,0.12279020994901657,0.15751957148313522,0.20049802958965302,-0.038749342784285545,0.3370809555053711,-0.5392343401908875,0.6676476001739502
FA_DOM_MIXED,Beech-dominated mixed (fir/other),NDRE,061-090,76,1,21154,0.4456116557121277,0.4456116557121277,0.4456116557121277,0.4456116557121277,0.4456116557121277,0.4456116557121277,0.2955954968929291,0.5576102137565613,0.0813676118850708,0.6734193563461304
FA_DOM_MIXED,Beech-dominated mixed (fir/other),NDRE,091-120,106,1,21192,0.40391963720321655,0.40391963720321655,0.40391963720321655,0.40391963720321655,0.40391963720321655,0.40391963720321655,0.32172244787216187,0.4953013062477112,0.20857106149196625,0.6230629682540894
FA_DOM_MIXED,Beech-dominated mixed (fir/other),NDRE,121-150,136,5,103611,0.4018559753894806,0.4117647111415863,0.4667379319667816,0.4018559753894806,0.4117647111415863,0.48209765553474426,0.34205886721611023,0.48733624815940857,0.11424168944358826,0.6416817307472229
FA_DOM_MIXED,Beech-dominated mixed (fir/other),NDRE,151-180,166,1,21214,0.6821178197860718,0.6821178197860718,0.6821178197860718,0.6821178197860718,0.6821178197860718,0.6821178197860718,0.6150892376899719,0.7172965407371521,0.33682262897491455,0.75173020362854
FA_DOM_MIXED,Beech-dominated mixed (fir/other),NDRE,181-210,196,6,126978,0.6597934067249298,0.6782757341861725,0.692291796207428,0.6557212471961975,0.6782757341861725,0.7046108245849609,0.604044497013092,0.7171076238155365,0.21367521584033966,0.773056149482727
FA_DOM_MIXED,Beech-dominated mixed (fir/other),NDRE,211-240,226,9,189763,0.6217800617218018,0.674870491027832,0.7072954297065734,0.6146142482757568,0.674870491027832,0.7084408402442932,0.6098029017448425,0.7168850302696228,0.2568357586860657,0.7997570633888245
FA_DOM_MIXED,Beech-dominated mixed (fir/other),NDRE,241-270,256,2,42428,0.6608613967895508,0.6615021228790283,0.6621428489685058,0.6607012152671814,0.6615021228790283,0.6623030304908752,0.5914456248283386,0.7141404151916504,0.30643150210380554,0.7626523375511169
FA_DOM_MIXED,Beech-dominated mixed (fir/other),NDRE,271-300,286,10,204967,0.4945669800043106,0.5478816628456116,0.6273086071014404,0.46967047452926636,0.5478816628456116,0.6511330604553223,0.45358146727085114,0.618461549282074,-0.7307692170143127,1.0
FA_DOM_MIXED,Beech-dominated mixed (fir/other),NDRE,301-330,316,6,106089,0.49217651784420013,0.5163302421569824,0.525494784116745,0.4735915958881378,0.5163302421569824,0.5290128588676453,0.4197850227355957,0.6124626398086548,0.17485857009887695,1.0
FA_DOM_MIXED,Beech-dominated mixed (fir/other),NDVI,061-090,76,1,21154,0.6184754967689514,0.6184754967689514,0.6184754967689514,0.6184754967689514,0.6184754967689514,0.6184754967689514,0.4140808880329132,0.7680646181106567,0.06942258775234222,0.8897660970687866
FA_DOM_MIXED,Beech-dominated mixed (fir/other),NDVI,091-120,106,1,21192,0.5730527639389038,0.5730527639389038,0.5730527639389038,0.5730527639389038,0.5730527639389038,0.5730527639389038,0.45337656140327454,0.702038049697876,0.21567486226558685,0.8373048305511475
FA_DOM_MIXED,Beech-dominated mixed (fir/other),NDVI,121-150,136,5,103611,0.5861783623695374,0.629004955291748,0.7319183945655823,0.5861783623695374,0.629004955291748,0.7866488099098206,0.5036488771438599,0.7309260368347168,0.17309360206127167,0.8879286050796509
FA_DOM_MIXED,Beech-dominated mixed (fir/other),NDVI,151-180,166,1,21214,0.8959203958511353,0.8959203958511353,0.8959203958511353,0.8959203958511353,0.8959203958511353,0.8959203958511353,0.8420002460479736,0.9143723249435425,0.29731956124305725,0.933692216873169
FA_DOM_MIXED,Beech-dominated mixed (fir/other),NDVI,181-210,196,6,126978,0.8715073764324188,0.8898957371711731,0.8972195088863373,0.8691408634185791,0.8898957371711731,0.8982731699943542,0.816155344247818,0.9131680130958557,0.22394919395446777,0.9407256245613098
FA_DOM_MIXED,Beech-dominated mixed (fir/other),NDVI,211-240,226,9,189763,0.8477700829505921,0.8823529481887817,0.9017549157142639,0.8004773259162903,0.8823529481887817,0.9030793309211731,0.829766035079956,0.9060126543045044,0.23524163663387299,0.9442095756530762
FA_DOM_MIXED,Beech-dominated mixed (fir/other),NDVI,241-270,256,2,42428,0.8685057520866394,0.8752054572105408,0.8819051623344422,0.8668308258056641,0.8752054572105408,0.8835800886154175,0.8137299716472626,0.9038134217262268,0.23112066090106964,0.9295496940612793
FA_DOM_MIXED,Beech-dominated mixed (fir/other),NDVI,271-300,286,10,204967,0.650930505990982,0.8199465274810791,0.8715266227722168,0.6269100904464722,0.8199465274810791,0.8824917078018188,0.7230477929115295,0.8756002485752106,0.30830317735671997,1.0
FA_DOM_MIXED,Beech-dominated mixed (fir/other),NDVI,301-330,316,6,106089,0.6783271133899689,0.6907588839530945,0.7007326483726501,0.6762197017669678,0.6907588839530945,0.7010915279388428,0.5660782754421234,0.8226689100265503,0.2417728304862976,1.0
FA_DOM_MO,Beech-dominated beech–spruce,NBR,061-090,76,1,33269,0.40780726075172424,0.40780726075172424,0.40780726075172424,0.40780726075172424,0.40780726075172424,0.40780726075172424,0.17467255890369415,0.6402388215065002,-0.10532063990831375,0.8708751797676086
FA_DOM_MO,Beech-dominated beech–spruce,NBR,091-120,106,1,34098,0.22252711653709412,0.22252711653709412,0.22252711653709412,0.22252711653709412,0.22252711653709412,0.22252711653709412,0.09490886330604553,0.4230327308177948,-0.08024917542934418,0.7446346879005432
FA_DOM_MO,Beech-dominated beech–spruce,NBR,121-150,136,5,155954,0.2177998125553131,0.2914714813232422,0.44993433952331546,0.2177998125553131,0.2914714813232422,0.5370302200317383,0.18103468418121338,0.43804121017456055,-0.12183409184217453,0.7089457511901855
FA_DOM_MO,Beech-dominated beech–spruce,NBR,151-180,166,1,34591,0.6701774597167969,0.6701774597167969,0.6701774597167969,0.6701774597167969,0.6701774597167969,0.6701774597167969,0.6060375571250916,0.7025970220565796,0.06404924392700195,0.7846701145172119
FA_DOM_MO,Beech-dominated beech–spruce,NBR,181-210,196,6,204163,0.6478061079978943,0.6576915085315704,0.6715085506439209,0.6432893872261047,0.6576915085315704,0.6793003082275391,0.5843759775161743,0.6979210078716278,-0.21835467219352722,0.8761004209518433
FA_DOM_MO,Beech-dominated beech–spruce,NBR,211-240,226,9,308449,0.6486644506454468,0.6609243154525757,0.6827863931655884,0.6483572721481323,0.6609243154525757,0.6896399259567261,0.5930835008621216,0.7088772058486938,0.00890585221350193,0.8184455633163452
FA_DOM_MO,Beech-dominated beech–spruce,NBR,241-270,256,2,69181,0.6359988689422608,0.6488919258117676,0.6617849826812744,0.632775604724884,0.6488919258117676,0.6650082468986511,0.5624555051326752,0.6967297792434692,0.0,0.8107781410217285
FA_DOM_MO,Beech-dominated beech–spruce,NBR,271-300,286,10,339686,0.3384356915950775,0.6088430881500244,0.6617483794689178,0.3227810859680176,0.6088430881500244,0.6829509735107422,0.48054298758506775,0.6846375465393066,-0.29924461245536804,0.8830029964447021
FA_DOM_MO,Beech-dominated beech–spruce,NBR,301-330,316,6,168704,0.34717413783073425,0.3906000703573227,0.47944462299346924,0.34108850359916687,0.3906000703573227,0.5096167325973511,0.19523108005523682,0.5908297002315521,-0.41565534472465515,0.842239499092102
FA_DOM_MO,Beech-dominated beech–spruce,NDMI,061-090,76,1,33269,0.18517424166202545,0.18517424166202545,0.18517424166202545,0.18517424166202545,0.18517424166202545,0.18517424166202545,-0.0314934141933918,0.4366758465766907,-0.3428833484649658,0.7622680068016052
FA_DOM_MO,Beech-dominated beech–spruce,NDMI,091-120,106,1,34098,0.0033706841059029102,0.0033706841059029102,0.0033706841059029102,0.0033706841059029102,0.0033706841059029102,0.0033706841059029102,-0.10191304236650467,0.1811453402042389,-0.2677507698535919,0.5822855234146118
FA_DOM_MO,Beech-dominated beech–spruce,NDMI,121-150,136,5,155954,-0.01618952676653862,0.05841398611664772,0.19786512255668642,-0.01618952676653862,0.05841398611664772,0.26686686277389526,-0.036833424121141434,0.1904321312904358,-0.3539601266384125,0.4745057225227356
FA_DOM_MO,Beech-dominated beech–spruce,NDMI,151-180,166,1,34591,0.3824704587459564,0.3824704587459564,0.3824704587459564,0.3824704587459564,0.3824704587459564,0.3824704587459564,0.30166682600975037,0.42848312854766846,-0.07874196767807007,0.5581846833229065
FA_DOM_MO,Beech-dominated beech–spruce,NDMI,181-210,196,6,204163,0.3518278896808624,0.36463962495326996,0.3786357343196869,0.34858131408691406,0.36463962495326996,0.39141780138015747,0.27011898159980774,0.4217529445886612,-0.2625921964645386,0.6811552047729492
FA_DOM_MO,Beech-dominated beech–spruce,NDMI,211-240,226,9,308449,0.3445387423038483,0.36222708225250244,0.38402605056762695,0.34114792943000793,0.36222708225250244,0.3926330804824829,0.2713381350040436,0.42386913299560547,-0.16549740731716156,0.5909621715545654
FA_DOM_MO,Beech-dominated beech–spruce,NDMI,241-270,256,2,69181,0.32567971050739286,0.342120423913002,0.35856113731861117,0.3215695321559906,0.342120423913002,0.3626713156700134,0.2363288328051567,0.4099329560995102,-0.22863909602165222,0.5659735202789307
FA_DOM_MO,Beech-dominated beech–spruce,NDMI,271-300,286,10,339686,0.045339060761034486,0.3017467111349106,0.36226972937583923,0.0299422238022089,0.3017467111349106,0.3927849531173706,0.1463390551507473,0.4084853529930115,-0.5454616546630859,0.6818754076957703
FA_DOM_MO,Beech-dominated beech–spruce,NDMI,301-330,316,6,168704,0.07973888143897057,0.10473418980836868,0.17482690513134003,0.07701637595891953,0.10473418980836868,0.19776582717895508,-0.08185646682977676,0.3232724070549011,-0.5872267484664917,0.679661750793457
FA_DOM_MO,Beech-dominated beech–spruce,NDRE,061-090,76,1,33269,0.36671754717826843,0.36671754717826843,0.36671754717826843,0.36671754717826843,0.36671754717826843,0.36671754717826843,0.21792595088481903,0.49241480231285095,-0.29264405369758606,0.8396313190460205
FA_DOM_MO,Beech-dominated beech–spruce,NDRE,091-120,106,1,34098,0.3606879413127899,0.3606879413127899,0.3606879413127899,0.3606879413127899,0.3606879413127899,0.3606879413127899,0.29729244112968445,0.44487398862838745,0.04574481397867203,0.6045224070549011
FA_DOM_MO,Beech-dominated beech–spruce,NDRE,121-150,136,5,155954,0.3639051914215088,0.37592703104019165,0.42840346693992615,0.3639051914215088,0.37592703104019165,0.45250555872917175,0.31990647315979004,0.4452483355998993,0.055129192769527435,0.6244422197341919
FA_DOM_MO,Beech-dominated beech–spruce,NDRE,151-180,166,1,34591,0.6982553601264954,0.6982553601264954,0.6982553601264954,0.6982553601264954,0.6982553601264954,0.6982553601264954,0.6358551979064941,0.7289777994155884,0.15758158266544342,0.7605892419815063
FA_DOM_MO,Beech-dominated beech–spruce,NDRE,181-210,196,6,204163,0.6788800954818726,0.6919893026351929,0.7072332203388214,0.6679012775421143,0.6919893026351929,0.7162997722625732,0.6233035922050476,0.7273162007331848,0.011191364377737045,0.8486975431442261
FA_DOM_MO,Beech-dominated beech–spruce,NDRE,211-240,226,9,308449,0.6376763463020325,0.6897760629653931,0.7240709900856018,0.629188597202301,0.6897760629653931,0.7269309163093567,0.6140393614768982,0.7246625423431396,0.08157157152891159,0.8249843716621399
FA_DOM_MO,Beech-dominated beech–spruce,NDRE,241-270,256,2,69181,0.6865038812160492,0.688463419675827,0.6904229581356048,0.6860139966011047,0.688463419675827,0.6909128427505493,0.6241372525691986,0.7220383584499359,0.1122918650507927,0.7676020264625549
FA_DOM_MO,Beech-dominated beech–spruce,NDRE,271-300,286,10,339686,0.4718904197216034,0.5161490887403488,0.6353512644767761,0.45434850454330444,0.5161490887403488,0.6690233945846558,0.43814517557621,0.5992574095726013,0.08688714355230331,1.0
FA_DOM_MO,Beech-dominated beech–spruce,NDRE,301-330,316,6,168704,0.4701998084783554,0.47676046192646027,0.48574887216091156,0.46756646037101746,0.47676046192646027,0.48890820145606995,0.41744089126586914,0.5906364023685455,0.13674762845039368,1.0
FA_DOM_MO,Beech-dominated beech–spruce,NDVI,061-090,76,1,33269,0.5203825831413269,0.5203825831413269,0.5203825831413269,0.5203825831413269,0.5203825831413269,0.5203825831413269,0.32079458236694336,0.6973443627357483,-0.006637834012508392,0.9973856210708618
FA_DOM_MO,Beech-dominated beech–spruce,NDVI,091-120,106,1,34098,0.5148137211799622,0.5148137211799622,0.5148137211799622,0.5148137211799622,0.5148137211799622,0.5148137211799622,0.42016226053237915,0.645967423915863,0.06624580174684525,0.8194217681884766
FA_DOM_MO,Beech-dominated beech–spruce,NDVI,121-150,136,5,155954,0.5341001749038696,0.5549743175506592,0.6927266716957092,0.5341001749038696,0.5549743175506592,0.7701423764228821,0.4598013758659363,0.6691524386405945,0.07720214128494263,0.8814257979393005
FA_DOM_MO,Beech-dominated beech–spruce,NDVI,151-180,166,1,34591,0.9057265520095825,0.9057265520095825,0.9057265520095825,0.9057265520095825,0.9057265520095825,0.9057265520095825,0.8613418936729431,0.9194289445877075,0.19361618161201477,0.9444444179534912
FA_DOM_MO,Beech-dominated beech–spruce,NDVI,181-210,196,6,204163,0.8874484896659851,0.8983854651451111,0.9058264493942261,0.8799983859062195,0.8983854651451111,0.9092003107070923,0.8428330421447754,0.9167564213275909,0.04507570341229439,0.9629629850387573
FA_DOM_MO,Beech-dominated beech–spruce,NDVI,211-240,226,9,308449,0.8532989621162415,0.8934476971626282,0.909866988658905,0.8086517453193665,0.8934476971626282,0.9147006869316101,0.8474847078323364,0.908794641494751,0.14846515655517578,0.9630163908004761
FA_DOM_MO,Beech-dominated beech–spruce,NDVI,241-270,256,2,69181,0.8832436203956604,0.8882783055305481,0.8933129906654358,0.8819849491119385,0.8882783055305481,0.8945716619491577,0.8395689427852631,0.9074200093746185,0.13861241936683655,0.9339784979820251
FA_DOM_MO,Beech-dominated beech–spruce,NDVI,271-300,286,10,339686,0.6134673297405243,0.7941325604915619,0.8791519641876221,0.6033317446708679,0.7941325604915619,0.8873672485351562,0.693347841501236,0.8652583062648773,0.16472868621349335,1.0
FA_DOM_MO,Beech-dominated beech–spruce,NDVI,301-330,316,6,168704,0.6429784893989563,0.6476996541023254,0.6832691133022308,0.6406313180923462,0.6476996541023254,0.6967413425445557,0.5506616532802582,0.8157128989696503,0.20696423947811127,1.0
FA_PURE,Pure beech,NBR,061-090,76,1,13063,0.34545454382896423,0.34545454382896423,0.34545454382896423,0.34545454382896423,0.34545454382896423,0.34545454382896423,0.13451804220676422,0.5237732529640198,-0.15623274445533752,0.7767720818519592
FA_PURE,Pure beech,NBR,091-120,106,1,13058,0.20064881443977356,0.20064881443977356,0.20064881443977356,0.20064881443977356,0.20064881443977356,0.20064881443977356,0.11489620804786682,0.34065890312194824,-0.06546985357999802,0.6326292753219604
FA_PURE,Pure beech,NBR,121-150,136,5,57793,0.2218637615442276,0.29371583461761475,0.4794951915740967,0.2218637615442276,0.29371583461761475,0.58863365650177,0.1983477622270584,0.4038926362991333,-0.20703040063381195,0.7021983861923218
FA_PURE,Pure beech,NBR,151-180,166,1,13083,0.6835609078407288,0.6835609078407288,0.6835609078407288,0.6835609078407288,0.6835609078407288,0.6835609078407288,0.6272605657577515,0.7077012062072754,0.20074142515659332,0.7707646489143372
FA_PURE,Pure beech,NBR,181-210,196,6,78064,0.6659889221191406,0.6707840263843536,0.6929871737957001,0.6658341884613037,0.6707840263843536,0.6963191628456116,0.6101373732089996,0.6994993388652802,-0.06060606241226196,0.8782347440719604
FA_PURE,Pure beech,NBR,211-240,226,9,116162,0.6589431643486023,0.6738306283950806,0.6967138648033142,0.6557478308677673,0.6738306283950806,0.7029418349266052,0.609117329120636,0.7004499435424805,0.01253132801502943,0.8022047281265259
FA_PURE,Pure beech,NBR,241-270,256,2,26166,0.655387943983078,0.6641822755336761,0.6729766070842743,0.6531893610954285,0.6641822755336761,0.6751751899719238,0.5842653512954712,0.6970731317996979,0.09502565115690231,0.8032935261726379
FA_PURE,Pure beech,NBR,271-300,286,10,127164,0.31597800552845,0.6076397001743317,0.66929771900177,0.31439027190208435,0.6076397001743317,0.691699206829071,0.4947874844074249,0.6735993921756744,-0.40609270334243774,0.8468318581581116
FA_PURE,Pure beech,NBR,301-330,316,6,56885,0.27900317311286926,0.3346479535102844,0.4941764771938324,0.27805668115615845,0.3346479535102844,0.5394191741943359,0.19535893946886063,0.5545733273029327,-0.540772557258606,0.8474090695381165
FA_PURE,Pure beech,NDMI,061-090,76,1,13063,0.11472447961568832,0.11472447961568832,0.11472447961568832,0.11472447961568832,0.11472447961568832,0.11472447961568832,-0.06806288659572601,0.3006440997123718,-0.435598224401474,0.6423200964927673
FA_PURE,Pure beech,NDMI,091-120,106,1,13058,-0.020444000139832497,-0.020444000139832497,-0.020444000139832497,-0.020444000139832497,-0.020444000139832497,-0.020444000139832497,-0.09416037052869797,0.09916865080595016,-0.2588481307029724,0.4044284224510193
FA_PURE,Pure beech,NDMI,121-150,136,5,57793,-0.022000228986144066,0.05353263393044472,0.2202948421239853,-0.022000228986144066,0.05353263393044472,0.3119660019874573,-0.026844998821616173,0.165635883808136,-0.45237916707992554,0.46684709191322327
FA_PURE,Pure beech,NDMI,151-180,166,1,13083,0.3938305675983429,0.3938305675983429,0.3938305675983429,0.3938305675983429,0.3938305675983429,0.3938305675983429,0.3191809356212616,0.4293663203716278,-0.05074334517121315,0.5309475064277649
FA_PURE,Pure beech,NDMI,181-210,196,6,78064,0.36705291271209717,0.378470316529274,0.39850732684135437,0.3659525513648987,0.378470316529274,0.4071841537952423,0.2972215563058853,0.41892459988594055,-0.20357941091060638,0.6417142748832703
FA_PURE,Pure beech,NDMI,211-240,226,9,116162,0.35038559436798095,0.3703194260597229,0.39435505867004395,0.3467066287994385,0.3703194260597229,0.40731894969940186,0.2866451144218445,0.41100093722343445,-0.20724880695343018,0.5862720012664795
FA_PURE,Pure beech,NDMI,241-270,256,2,26166,0.3417669266462326,0.35514889657497406,0.3685308665037155,0.33842143416404724,0.35514889657497406,0.3718763589859009,0.25313666462898254,0.4045208990573883,-0.23915396630764008,0.5523315072059631
FA_PURE,Pure beech,NDMI,271-300,286,10,127164,0.019713452272117137,0.29171018302440643,0.36357850730419156,-0.01087958738207817,0.29171018302440643,0.39767616987228394,0.15476775169372559,0.3907247632741928,-0.6656226515769958,0.6169921159744263
FA_PURE,Pure beech,NDMI,301-330,316,6,56885,0.0031560283387079835,0.039595216512680054,0.169998437166214,0.002037361031398177,0.039595216512680054,0.20930474996566772,-0.0933634340763092,0.2865454703569412,-0.6808616518974304,0.6452769041061401
FA_PURE,Pure beech,NDRE,061-090,76,1,13063,0.3646714985370636,0.3646714985370636,0.3646714985370636,0.3646714985370636,0.3646714985370636,0.3646714985370636,0.26492172479629517,0.47843942046165466,0.0,0.7333688735961914
FA_PURE,Pure beech,NDRE,091-120,106,1,13058,0.361023485660553,0.361023485660553,0.361023485660553,0.361023485660553,0.361023485660553,0.361023485660553,0.31750205159187317,0.4179115295410156,0.23936212062835693,0.5616118907928467
FA_PURE,Pure beech,NDRE,121-150,136,5,57793,0.37049615383148193,0.37409377098083496,0.4452434003353119,0.37049615383148193,0.37409377098083496,0.48124900460243225,0.3399884104728699,0.42797625064849854,0.1847405582666397,0.6252473592758179
FA_PURE,Pure beech,NDRE,151-180,166,1,13083,0.7114197015762329,0.7114197015762329,0.7114197015762329,0.7114197015762329,0.7114197015762329,0.7114197015762329,0.6675016283988953,0.7437138557434082,0.34384146332740784,0.7605100870132446
FA_PURE,Pure beech,NDRE,181-210,196,6,78064,0.6972348093986511,0.7117542326450348,0.7207524180412292,0.6884617805480957,0.7117542326450348,0.7270328998565674,0.6546643972396851,0.7422012686729431,0.239130437374115,0.8089416027069092
FA_PURE,Pure beech,NDRE,211-240,226,9,116162,0.6591974020004272,0.6992879509925842,0.7354293465614319,0.6547235250473022,0.6992879509925842,0.7423818707466125,0.6367455124855042,0.7315718531608582,0.2879612445831299,0.8002221584320068
FA_PURE,Pure beech,NDRE,241-270,256,2,26166,0.6993936181068421,0.7001197934150696,0.7008459687232971,0.6992120742797852,0.7001197934150696,0.701027512550354,0.643409788608551,0.7391351759433746,0.40199893712997437,0.7605566382408142
FA_PURE,Pure beech,NDRE,271-300,286,10,127164,0.4681944578886032,0.5585701167583466,0.656356406211853,0.4520583152770996,0.5585701167583466,0.6774354577064514,0.45465385913848877,0.6161987781524658,0.2570456564426422,1.0
FA_PURE,Pure beech,NDRE,301-330,316,6,56885,0.4476346969604492,0.4648570269346237,0.4809876084327698,0.44037336111068726,0.4648570269346237,0.4811389744281769,0.417790025472641,0.5791496336460114,0.3167364001274109,0.9806403517723083
FA_PURE,Pure beech,NDVI,061-090,76,1,13063,0.5162729620933533,0.5162729620933533,0.5162729620933533,0.5162729620933533,0.5162729620933533,0.5162729620933533,0.3742983341217041,0.6758182644844055,0.021161384880542755,0.8965036869049072
FA_PURE,Pure beech,NDVI,091-120,106,1,13058,0.5158840417861938,0.5158840417861938,0.5158840417861938,0.5158840417861938,0.5158840417861938,0.5158840417861938,0.4532758593559265,0.6087885499000549,0.24337223172187805,0.7960954308509827
FA_PURE,Pure beech,NDVI,121-150,136,5,57793,0.5426982641220093,0.5597018003463745,0.7218964219093323,0.5426982641220093,0.5597018003463745,0.8130393624305725,0.4971919059753418,0.643211841583252,0.16610895097255707,0.8883489370346069
FA_PURE,Pure beech,NDVI,151-180,166,1,13083,0.9129208326339722,0.9129208326339722,0.9129208326339722,0.9129208326339722,0.9129208326339722,0.9129208326339722,0.892844557762146,0.9231133460998535,0.3221009373664856,0.941303551197052
FA_PURE,Pure beech,NDVI,181-210,196,6,78064,0.9024412035942078,0.9092650711536407,0.9162509739398956,0.9005517363548279,0.9092650711536407,0.9207372665405273,0.8797439932823181,0.9204818904399872,0.20353981852531433,0.9445384740829468
FA_PURE,Pure beech,NDVI,211-240,226,9,116162,0.8639315128326416,0.8995684385299683,0.9154293417930603,0.832787036895752,0.8995684385299683,0.9213759303092957,0.8725418448448181,0.9142325520515442,0.22737057507038116,0.9580492973327637
FA_PURE,Pure beech,NDVI,241-270,256,2,26166,0.8923577010631562,0.8941307961940765,0.8959038913249969,0.891914427280426,0.8941307961940765,0.896347165107727,0.8608434796333313,0.9149048328399658,0.27763620018959045,0.9309970736503601
FA_PURE,Pure beech,NDVI,271-300,286,10,127164,0.5990146219730377,0.8304254114627838,0.8815441429615021,0.5899169445037842,0.8304254114627838,0.9004067778587341,0.7304516434669495,0.8814961016178131,0.3952395021915436,1.0
FA_PURE,Pure beech,NDVI,301-330,316,6,56885,0.6025328040122986,0.630253404378891,0.6992895603179932,0.5940071940422058,0.630253404378891,0.7301180362701416,0.5550685822963715,0.8103899657726288,0.3463497459888458,1.0
MO_DOM_FA,Spruce-dominated spruce–beech,NBR,061-090,76,1,40342,0.5621862411499023,0.5621862411499023,0.5621862411499023,0.5621862411499023,0.5621862411499023,0.5621862411499023,0.28018447756767273,0.6965976357460022,-0.4761854112148285,0.8532377481460571
MO_DOM_FA,Spruce-dominated spruce–beech,NBR,091-120,106,1,42295,0.4515414535999298,0.4515414535999298,0.4515414535999298,0.4515414535999298,0.4515414535999298,0.4515414535999298,0.2229190617799759,0.6155291795730591,-0.1787976175546646,0.7745925188064575
MO_DOM_FA,Spruce-dominated spruce–beech,NBR,121-150,136,5,196369,0.3969777226448059,0.40241023898124695,0.5316850900650024,0.3969777226448059,0.40241023898124695,0.5775094628334045,0.2625153958797455,0.5588995218276978,-0.5656712651252747,0.7461658716201782
MO_DOM_FA,Spruce-dominated spruce–beech,NBR,151-180,166,1,42608,0.6792658567428589,0.6792658567428589,0.6792658567428589,0.6792658567428589,0.6792658567428589,0.6792658567428589,0.5955070853233337,0.7152852416038513,-0.10929124802350998,0.7766199111938477
MO_DOM_FA,Spruce-dominated spruce–beech,NBR,181-210,196,6,249144,0.6474217772483826,0.667611837387085,0.6902055740356445,0.6449837684631348,0.667611837387085,0.7011658549308777,0.5615245997905731,0.709311842918396,-0.6504613757133484,0.841859757900238
MO_DOM_FA,Spruce-dominated spruce–beech,NBR,211-240,226,9,375972,0.6678922295570373,0.6817423105239868,0.6955035209655762,0.6672449707984924,0.6817423105239868,0.7065219879150391,0.6088730692863464,0.7262604832649231,-0.4157191216945648,0.8190389275550842
MO_DOM_FA,Spruce-dominated spruce–beech,NBR,241-270,256,2,85205,0.6606457352638244,0.6723182797431946,0.6839908242225647,0.6577275991439819,0.6723182797431946,0.6869089603424072,0.5681421458721161,0.716871827840805,-0.42758405208587646,0.8125541806221008
MO_DOM_FA,Spruce-dominated spruce–beech,NBR,271-300,286,10,420827,0.54508838057518,0.6672770977020264,0.704444807767868,0.4982733726501465,0.6672770977020264,0.7111989855766296,0.5340029001235962,0.7430374622344971,-0.43696558475494385,0.8761996030807495
MO_DOM_FA,Spruce-dominated spruce–beech,NBR,301-330,316,6,236862,0.5698230266571045,0.59456667304039,0.6163747608661652,0.5679334402084351,0.59456667304039,0.6218216419219971,0.36109210550785065,0.733046680688858,-0.42507752776145935,0.8873651623725891
MO_DOM_FA,Spruce-dominated spruce–beech,NDMI,061-090,76,1,40342,0.3216926157474518,0.3216926157474518,0.3216926157474518,0.3216926157474518,0.3216926157474518,0.3216926157474518,0.059588655829429626,0.4690989851951599,-0.583036482334137,0.7334767580032349
MO_DOM_FA,Spruce-dominated spruce–beech,NDMI,091-120,106,1,42295,0.2024463564157486,0.2024463564157486,0.2024463564157486,0.2024463564157486,0.2024463564157486,0.2024463564157486,0.002984804566949606,0.36051633954048157,-0.29649415612220764,0.6229821443557739
MO_DOM_FA,Spruce-dominated spruce–beech,NDMI,121-150,136,5,196369,0.14492107927799225,0.17295123636722565,0.27118868231773374,0.14492107927799225,0.17295123636722565,0.31153568625450134,0.04109124839305878,0.301435649394989,-0.6144396662712097,0.5337653756141663
MO_DOM_FA,Spruce-dominated spruce–beech,NDMI,151-180,166,1,42608,0.39933741092681885,0.39933741092681885,0.39933741092681885,0.39933741092681885,0.39933741092681885,0.39933741092681885,0.30347588658332825,0.45334839820861816,-0.1829405128955841,0.5445532202720642
MO_DOM_FA,Spruce-dominated spruce–beech,NDMI,181-210,196,6,249144,0.3671503812074661,0.3753642141819,0.40704330801963806,0.3644106984138489,0.3753642141819,0.42384272813796997,0.2674313932657242,0.4397711008787155,-0.7311753630638123,0.6468076109886169
MO_DOM_FA,Spruce-dominated spruce–beech,NDMI,211-240,226,9,375972,0.3738227367401123,0.3954545855522156,0.4072061896324158,0.37280941009521484,0.3954545855522156,0.41169482469558716,0.30324867367744446,0.4606403112411499,-0.5548294186592102,0.6199929714202881
MO_DOM_FA,Spruce-dominated spruce–beech,NDMI,241-270,256,2,85205,0.3618877291679382,0.3771536946296692,0.39241966009140017,0.3580712378025055,0.3771536946296692,0.3962361514568329,0.2564324289560318,0.44545747339725494,-0.5361113548278809,0.5990951061248779
MO_DOM_FA,Spruce-dominated spruce–beech,NDMI,271-300,286,10,420827,0.2584129676222801,0.3772590607404709,0.4274860918521881,0.22675950825214386,0.3772590607404709,0.4363059997558594,0.22557150572538376,0.4860530346632004,-0.5735635757446289,0.6894927024841309
MO_DOM_FA,Spruce-dominated spruce–beech,NDMI,301-330,316,6,236862,0.30068492889404297,0.3168633133172989,0.34299372136592865,0.2989377975463867,0.3168633133172989,0.34829023480415344,0.07161960005760193,0.4856981933116913,-0.5510034561157227,0.6951219439506531
MO_DOM_FA,Spruce-dominated spruce–beech,NDRE,061-090,76,1,40342,0.5146276354789734,0.5146276354789734,0.5146276354789734,0.5146276354789734,0.5146276354789734,0.5146276354789734,0.34137773513793945,0.6198410987854004,0.018918918445706367,0.7628594636917114
MO_DOM_FA,Spruce-dominated spruce–beech,NDRE,091-120,106,1,42295,0.4590368866920471,0.4590368866920471,0.4590368866920471,0.4590368866920471,0.4590368866920471,0.4590368866920471,0.3565185070037842,0.5471938848495483,0.08512341231107712,0.6523481607437134
MO_DOM_FA,Spruce-dominated spruce–beech,NDRE,121-150,136,5,196369,0.4319697439670563,0.4474716782569885,0.4905360460281372,0.42163512110710144,0.4474716782569885,0.4920145273208618,0.34771040081977844,0.5284233093261719,-0.01987883448600769,0.6806710362434387
MO_DOM_FA,Spruce-dominated spruce–beech,NDRE,151-180,166,1,42608,0.6641793251037598,0.6641793251037598,0.6641793251037598,0.6641793251037598,0.6641793251037598,0.6641793251037598,0.5809982419013977,0.7219592332839966,0.06210077181458473,0.759827196598053
MO_DOM_FA,Spruce-dominated spruce–beech,NDRE,181-210,196,6,249144,0.6456608474254608,0.6684815287590027,0.6832172274589539,0.6383118033409119,0.6684815287590027,0.6896668076515198,0.5723332464694977,0.7234624624252319,0.012987012974917889,0.781028151512146
MO_DOM_FA,Spruce-dominated spruce–beech,NDRE,211-240,226,9,375972,0.6346487998962402,0.6743907928466797,0.6994701385498047,0.6223278045654297,0.6743907928466797,0.7001283168792725,0.5977425575256348,0.7200629115104675,0.038431521505117416,0.7997570633888245
MO_DOM_FA,Spruce-dominated spruce–beech,NDRE,241-270,256,2,85205,0.6732668340206146,0.6805562674999237,0.6878457009792328,0.6714444756507874,0.6805562674999237,0.6896680593490601,0.6057049632072449,0.7233248054981232,0.06874120235443115,0.764797031879425
MO_DOM_FA,Spruce-dominated spruce–beech,NDRE,271-300,286,10,420827,0.5583224296569824,0.5936750173568726,0.672865378856659,0.5347501039505005,0.5936750173568726,0.6732043027877808,0.5007819831371307,0.6728341579437256,0.05137135460972786,0.9630746245384216
MO_DOM_FA,Spruce-dominated spruce–beech,NDRE,301-330,316,6,236862,0.556820809841156,0.578838586807251,0.5997215509414673,0.5401163101196289,0.578838586807251,0.6008604168891907,0.4613446146249771,0.676730751991272,0.02926653064787388,1.0
MO_DOM_FA,Spruce-dominated spruce–beech,NDVI,061-090,76,1,40342,0.7268099784851074,0.7268099784851074,0.7268099784851074,0.7268099784851074,0.7268099784851074,0.7268099784851074,0.47797566652297974,0.850662350654602,0.00019778481510002166,0.9836623668670654
MO_DOM_FA,Spruce-dominated spruce–beech,NDVI,091-120,106,1,42295,0.6575539708137512,0.6575539708137512,0.6575539708137512,0.6575539708137512,0.6575539708137512,0.6575539708137512,0.5051742196083069,0.7679337859153748,0.1336372345685959,0.8658815026283264
MO_DOM_FA,Spruce-dominated spruce–beech,NDVI,121-150,136,5,196369,0.6328706502914428,0.6667724847793579,0.7482606530189514,0.6102694272994995,0.6667724847793579,0.7759637236595154,0.5076627135276794,0.7851043939590454,-0.00195258017629385,0.9006932377815247
MO_DOM_FA,Spruce-dominated spruce–beech,NDVI,151-180,166,1,42608,0.881162166595459,0.881162166595459,0.881162166595459,0.881162166595459,0.881162166595459,0.881162166595459,0.8191204071044922,0.9147021174430847,0.11499680578708649,0.9351460933685303
MO_DOM_FA,Spruce-dominated spruce–beech,NDVI,181-210,196,6,249144,0.8605246543884277,0.8726368844509125,0.88736692070961,0.8592871427536011,0.8726368844509125,0.8931888937950134,0.7881678640842438,0.9105046093463898,-0.014593908563256264,0.9445331692695618
MO_DOM_FA,Spruce-dominated spruce–beech,NDVI,211-240,226,9,375972,0.82682124376297,0.8677082657814026,0.891456139087677,0.7921579480171204,0.8677082657814026,0.8918355107307434,0.803846001625061,0.9034402966499329,0.09096671640872955,0.9471232295036316
MO_DOM_FA,Spruce-dominated spruce–beech,NDVI,241-270,256,2,85205,0.8656089723110199,0.8710295855998993,0.8764501988887787,0.8642538189888,0.8710295855998993,0.8778053522109985,0.806066632270813,0.9036716818809509,0.10896379500627518,0.9310495853424072
MO_DOM_FA,Spruce-dominated spruce–beech,NDVI,271-300,286,10,420827,0.7660149216651917,0.8544012904167175,0.8805918633937836,0.7210009098052979,0.8544012904167175,0.9009369015693665,0.765846312046051,0.9021011888980865,0.027883468195796013,1.0
MO_DOM_FA,Spruce-dominated spruce–beech,NDVI,301-330,316,6,236862,0.7770273387432098,0.802290141582489,0.8086648285388947,0.7700920701026917,0.802290141582489,0.8104750514030457,0.6180852949619293,0.8962621092796326,-0.027136698365211487,1.0
MO_DOM_MIXED,Spruce-dominated mixed (fir/other),NBR,061-090,76,1,32520,0.5641833543777466,0.5641833543777466,0.5641833543777466,0.5641833543777466,0.5641833543777466,0.5641833543777466,0.33684173226356506,0.7119717001914978,-0.4008506238460541,0.9016099572181702
MO_DOM_MIXED,Spruce-dominated mixed (fir/other),NBR,091-120,106,1,33053,0.49518558382987976,0.49518558382987976,0.49518558382987976,0.49518558382987976,0.49518558382987976,0.49518558382987976,0.28589996695518494,0.654657781124115,-0.21477989852428436,0.8918272852897644
MO_DOM_MIXED,Spruce-dominated mixed (fir/other),NBR,121-150,136,5,158477,0.4374312162399292,0.47388628125190735,0.5464918851852417,0.4374312162399292,0.47388628125190735,0.5774667263031006,0.3156772255897522,0.6046574711799622,-0.38435861468315125,0.8982548713684082
MO_DOM_MIXED,Spruce-dominated mixed (fir/other),NBR,151-180,166,1,33765,0.6649894118309021,0.6649894118309021,0.6649894118309021,0.6649894118309021,0.6649894118309021,0.6649894118309021,0.5834779143333435,0.7088195085525513,-0.19151994585990906,0.7823453545570374
MO_DOM_MIXED,Spruce-dominated mixed (fir/other),NBR,181-210,196,6,199524,0.640114963054657,0.6525246500968933,0.6701028347015381,0.6372103691101074,0.6525246500968933,0.6822797060012817,0.5701942443847656,0.7045435607433319,-0.29566359519958496,0.8866159319877625
MO_DOM_MIXED,Spruce-dominated mixed (fir/other),NBR,211-240,226,9,301344,0.6598254084587097,0.67844557762146,0.6874188661575318,0.6537896990776062,0.67844557762146,0.6893292665481567,0.5995038747787476,0.7239334583282471,-0.37000367045402527,0.8209508657455444
MO_DOM_MIXED,Spruce-dominated mixed (fir/other),NBR,241-270,256,2,67523,0.6432058930397033,0.6577213406562805,0.6722367882728577,0.6395770311355591,0.6577213406562805,0.675865650177002,0.5705117285251617,0.7151817381381989,-0.1894059032201767,0.7993460297584534
MO_DOM_MIXED,Spruce-dominated mixed (fir/other),NBR,271-300,286,10,326556,0.5912649214267731,0.6734452247619629,0.6950535953044892,0.523399293422699,0.6734452247619629,0.7051254510879517,0.569708377122879,0.7474308907985687,-0.4441169798374176,0.8673043847084045
MO_DOM_MIXED,Spruce-dominated mixed (fir/other),NBR,301-330,316,6,170915,0.5895254015922546,0.6197277903556824,0.6338705122470856,0.581548810005188,0.6197277903556824,0.637980043888092,0.40060341358184814,0.7433828115463257,-1.0,1.0
MO_DOM_MIXED,Spruce-dominated mixed (fir/other),NDMI,061-090,76,1,32520,0.3235052824020386,0.3235052824020386,0.3235052824020386,0.3235052824020386,0.3235052824020386,0.3235052824020386,0.10705389082431793,0.48938465118408203,-0.5268681645393372,0.8942873477935791
MO_DOM_MIXED,Spruce-dominated mixed (fir/other),NDMI,091-120,106,1,33053,0.24404549598693848,0.24404549598693848,0.24404549598693848,0.24404549598693848,0.24404549598693848,0.24404549598693848,0.06135115772485733,0.4057717025279999,-0.3408641219139099,0.8426467180252075
MO_DOM_MIXED,Spruce-dominated mixed (fir/other),NDMI,121-150,136,5,158477,0.18438126146793365,0.23799686133861542,0.2901498317718506,0.18438126146793365,0.23799686133861542,0.31739339232444763,0.0843702107667923,0.3531736731529236,-0.4932783842086792,0.8171195387840271
MO_DOM_MIXED,Spruce-dominated mixed (fir/other),NDMI,151-180,166,1,33765,0.38661983609199524,0.38661983609199524,0.38661983609199524,0.38661983609199524,0.38661983609199524,0.38661983609199524,0.2924862504005432,0.44749578833580017,-0.43265363574028015,0.556600034236908
MO_DOM_MIXED,Spruce-dominated mixed (fir/other),NDMI,181-210,196,6,199524,0.3578667789697647,0.36541180312633514,0.3903246521949768,0.35541778802871704,0.36541180312633514,0.406026154756546,0.27346543967723846,0.4319952130317688,-0.4684436023235321,0.7064374089241028
MO_DOM_MIXED,Spruce-dominated mixed (fir/other),NDMI,211-240,226,9,301344,0.36778890490531924,0.3959910571575165,0.39794209599494934,0.36109766364097595,0.3959910571575165,0.398028165102005,0.2886705994606018,0.4626348614692688,-0.621252179145813,0.6290220618247986
MO_DOM_MIXED,Spruce-dominated mixed (fir/other),NDMI,241-270,256,2,67523,0.3516592651605606,0.36873944103717804,0.38581961691379546,0.34738922119140625,0.36873944103717804,0.39008966088294983,0.2618074417114258,0.44577476382255554,-0.4135708808898926,0.6002874374389648
MO_DOM_MIXED,Spruce-dominated mixed (fir/other),NDMI,271-300,286,10,326556,0.31464276909828187,0.3908165842294693,0.42765765488147733,0.2593609392642975,0.3908165842294693,0.4372531771659851,0.2628013342618942,0.5017170757055283,-0.6516550779342651,0.6849897503852844
MO_DOM_MIXED,Spruce-dominated mixed (fir/other),NDMI,301-330,316,6,170915,0.3235534131526947,0.35731370747089386,0.3755429685115814,0.32228338718414307,0.35731370747089386,0.3862035870552063,0.12620827928185463,0.5037451088428497,-1.0,1.0
MO_DOM_MIXED,Spruce-dominated mixed (fir/other),NDRE,061-090,76,1,32520,0.5343130826950073,0.5343130826950073,0.5343130826950073,0.5343130826950073,0.5343130826950073,0.5343130826950073,0.3903106451034546,0.6181034445762634,0.0435202494263649,0.7813530564308167
MO_DOM_MIXED,Spruce-dominated mixed (fir/other),NDRE,091-120,106,1,33053,0.478432297706604,0.478432297706604,0.478432297706604,0.478432297706604,0.478432297706604,0.478432297706604,0.3655324876308441,0.5544561743736267,0.03992015868425369,0.633573055267334
MO_DOM_MIXED,Spruce-dominated mixed (fir/other),NDRE,121-150,136,5,158477,0.45215281248092654,0.4594945013523102,0.50045804977417,0.4472583532333374,0.4594945013523102,0.5081501007080078,0.3592754006385803,0.5342481732368469,0.028507398441433907,0.6694691181182861
MO_DOM_MIXED,Spruce-dominated mixed (fir/other),NDRE,151-180,166,1,33765,0.6463211178779602,0.6463211178779602,0.6463211178779602,0.6463211178779602,0.6463211178779602,0.6463211178779602,0.5678327679634094,0.6989968419075012,0.1633494645357132,0.7593691945075989
MO_DOM_MIXED,Spruce-dominated mixed (fir/other),NDRE,181-210,196,6,199524,0.6354903876781464,0.6479072868824005,0.6605894863605499,0.6269129514694214,0.6479072868824005,0.6691651940345764,0.5732294321060181,0.7004919350147247,0.07265476137399673,0.7745954990386963
MO_DOM_MIXED,Spruce-dominated mixed (fir/other),NDRE,211-240,226,9,301344,0.6087661385536194,0.6578356027603149,0.6748154401779175,0.6052985787391663,0.6578356027603149,0.6779559850692749,0.5880982279777527,0.696533739566803,0.08376963436603546,0.7719535827636719
MO_DOM_MIXED,Spruce-dominated mixed (fir/other),NDRE,241-270,256,2,67523,0.6416865289211273,0.6489138305187225,0.6561411321163177,0.6398797035217285,0.6489138305187225,0.6579479575157166,0.5905709564685822,0.6992074847221375,0.014127363450825214,0.775240957736969
MO_DOM_MIXED,Spruce-dominated mixed (fir/other),NDRE,271-300,286,10,326556,0.5828762292861939,0.5907142162322998,0.6444638550281525,0.5462932586669922,0.5907142162322998,0.649465799331665,0.49225136637687683,0.6728462874889374,0.0016458970494568348,1.0
MO_DOM_MIXED,Spruce-dominated mixed (fir/other),NDRE,301-330,316,6,170915,0.570926159620285,0.5959843993186951,0.6118868887424469,0.5547432899475098,0.5959843993186951,0.617977499961853,0.48491378128528595,0.6854515671730042,0.11040787398815155,1.0
MO_DOM_MIXED,Spruce-dominated mixed (fir/other),NDVI,061-090,76,1,32520,0.7469252347946167,0.7469252347946167,0.7469252347946167,0.7469252347946167,0.7469252347946167,0.7469252347946167,0.5410487055778503,0.846400797367096,-0.1270333081483841,0.9898139238357544
MO_DOM_MIXED,Spruce-dominated mixed (fir/other),NDVI,091-120,106,1,33053,0.6855238080024719,0.6855238080024719,0.6855238080024719,0.6855238080024719,0.6855238080024719,0.6855238080024719,0.5219332575798035,0.7762171030044556,0.021118193864822388,0.8472906351089478
MO_DOM_MIXED,Spruce-dominated mixed (fir/other),NDVI,121-150,136,5,158477,0.6712947368621827,0.6801519989967346,0.7521559596061707,0.665389895439148,0.6801519989967346,0.765954315662384,0.5446808338165283,0.7826899886131287,-0.1665801703929901,0.8885871767997742
MO_DOM_MIXED,Spruce-dominated mixed (fir/other),NDVI,151-180,166,1,33765,0.86897212266922,0.86897212266922,0.86897212266922,0.86897212266922,0.86897212266922,0.86897212266922,0.8122997879981995,0.9053165316581726,-0.0717325210571289,0.9293848872184753
MO_DOM_MIXED,Spruce-dominated mixed (fir/other),NDVI,181-210,196,6,199524,0.8490777611732483,0.8575395941734314,0.8706743121147156,0.8461738228797913,0.8575395941734314,0.8743160367012024,0.7941752374172211,0.8979994058609009,-0.12727272510528564,0.9490023851394653
MO_DOM_MIXED,Spruce-dominated mixed (fir/other),NDVI,211-240,226,9,301344,0.8137180209159851,0.8572877049446106,0.8746546387672425,0.7777342200279236,0.8572877049446106,0.8776517510414124,0.8072648048400879,0.8917213678359985,-0.33125728368759155,0.9459545016288757
MO_DOM_MIXED,Spruce-dominated mixed (fir/other),NDVI,241-270,256,2,67523,0.8462254285812378,0.8526281118392944,0.859030795097351,0.8446247577667236,0.8526281118392944,0.8606314659118652,0.8013148307800293,0.889321893453598,-0.03338632732629776,0.9369016289710999
MO_DOM_MIXED,Spruce-dominated mixed (fir/other),NDVI,271-300,286,10,326556,0.7951675295829773,0.8540817201137543,0.8674375057220459,0.7504821419715881,0.8540817201137543,0.8868622779846191,0.750970870256424,0.8994500041007996,-0.15185056626796722,1.0
MO_DOM_MIXED,Spruce-dominated mixed (fir/other),NDVI,301-330,316,6,170913,0.7900426685810089,0.8172902762889862,0.8421105444431305,0.7776727676391602,0.8172902762889862,0.8431023955345154,0.6549376249313354,0.9042993783950806,-1.0,1.0
MO_FA_BALANCED,Balanced spruce–beech mix,NBR,061-090,76,1,10907,0.5580677390098572,0.5580677390098572,0.5580677390098572,0.5580677390098572,0.5580677390098572,0.5580677390098572,0.3161036968231201,0.7092534303665161,-0.06226871907711029,0.8661527037620544
MO_FA_BALANCED,Balanced spruce–beech mix,NBR,091-120,106,1,11164,0.36815452575683594,0.36815452575683594,0.36815452575683594,0.36815452575683594,0.36815452575683594,0.36815452575683594,0.1358398199081421,0.6103585362434387,-0.10188000649213791,0.8160110712051392
MO_FA_BALANCED,Balanced spruce–beech mix,NBR,121-150,136,5,53085,0.3159564137458801,0.3253977298736572,0.4553639888763428,0.3159564137458801,0.3253977298736572,0.5075359344482422,0.21277838945388794,0.5487830638885498,-0.11101092398166656,0.7281696796417236
MO_FA_BALANCED,Balanced spruce–beech mix,NBR,151-180,166,1,11265,0.6683444380760193,0.6683444380760193,0.6683444380760193,0.6683444380760193,0.6683444380760193,0.6683444380760193,0.5666989088058472,0.7063078880310059,0.24703148007392883,0.7693570852279663
MO_FA_BALANCED,Balanced spruce–beech mix,NBR,181-210,196,6,65026,0.6439642608165741,0.6577030420303345,0.6744305491447449,0.6424744129180908,0.6577030420303345,0.6821944117546082,0.5232132375240326,0.7035998106002808,-0.1452036052942276,0.8619802594184875
MO_FA_BALANCED,Balanced spruce–beech mix,NBR,211-240,226,9,98826,0.6490553855895996,0.6656672358512878,0.6856742978096009,0.637728214263916,0.6656672358512878,0.6903682351112366,0.5769798159599304,0.7135104537010193,0.0,0.7964578866958618
MO_FA_BALANCED,Balanced spruce–beech mix,NBR,241-270,256,2,22530,0.6439761579036712,0.6557066142559052,0.6674370706081391,0.6410435438156128,0.6557066142559052,0.6703696846961975,0.5284989774227142,0.7051124572753906,0.009515224024653435,0.7842247486114502
MO_FA_BALANCED,Balanced spruce–beech mix,NBR,271-300,286,10,109450,0.46298515796661377,0.6260364353656769,0.6787704169750214,0.43121063709259033,0.6260364353656769,0.6879301071166992,0.4653727263212204,0.7191693484783173,-0.32554957270622253,0.8524661660194397
MO_FA_BALANCED,Balanced spruce–beech mix,NBR,301-330,316,6,56917,0.48817695677280426,0.5143069177865982,0.5543845891952515,0.485985666513443,0.5143069177865982,0.5592577457427979,0.2957645207643509,0.6945526599884033,-0.449219673871994,0.8482959866523743
MO_FA_BALANCED,Balanced spruce–beech mix,NDMI,061-090,76,1,10907,0.3352617919445038,0.3352617919445038,0.3352617919445038,0.3352617919445038,0.3352617919445038,0.3352617919445038,0.09603079408407211,0.49816960096359253,-0.2539255619049072,0.7777854800224304
MO_FA_BALANCED,Balanced spruce–beech mix,NDMI,091-120,106,1,11164,0.13578501343727112,0.13578501343727112,0.13578501343727112,0.13578501343727112,0.13578501343727112,0.13578501343727112,-0.06332439184188843,0.3656831681728363,-0.28313109278678894,0.6785553693771362
MO_FA_BALANCED,Balanced spruce–beech mix,NDMI,121-150,136,5,53085,0.07666217535734177,0.09919142723083496,0.20285285711288453,0.07666217535734177,0.09919142723083496,0.24928465485572815,-0.005510752554982901,0.30293217301368713,-0.30655309557914734,0.5722171664237976
MO_FA_BALANCED,Balanced spruce–beech mix,NDMI,151-180,166,1,11265,0.3856842815876007,0.3856842815876007,0.3856842815876007,0.3856842815876007,0.3856842815876007,0.3856842815876007,0.2816554605960846,0.44040822982788086,0.006562649272382259,0.5410513281822205
MO_FA_BALANCED,Balanced spruce–beech mix,NDMI,181-210,196,6,65026,0.35955990850925446,0.365160807967186,0.3864095211029053,0.3567420542240143,0.365160807967186,0.400270015001297,0.23724230378866196,0.43341872096061707,-0.17363515496253967,0.6337846517562866
MO_FA_BALANCED,Balanced spruce–beech mix,NDMI,211-240,226,9,98826,0.3527894914150238,0.37567102909088135,0.3931259989738464,0.3405890166759491,0.37567102909088135,0.39481252431869507,0.2704760730266571,0.4429977834224701,-0.1687154769897461,0.5867652893066406
MO_FA_BALANCED,Balanced spruce–beech mix,NDMI,241-270,256,2,22530,0.3398433864116669,0.354763001203537,0.3696826159954071,0.33611348271369934,0.354763001203537,0.37341251969337463,0.22213838249444962,0.4264970123767853,-0.21432746946811676,0.5549359321594238
MO_FA_BALANCED,Balanced spruce–beech mix,NDMI,271-300,286,10,109450,0.1678932562470436,0.3335319012403488,0.3918158680200577,0.1561727672815323,0.3335319012403488,0.40492433309555054,0.1459728702902794,0.45773282647132874,-0.5273404717445374,0.6642934083938599
MO_FA_BALANCED,Balanced spruce–beech mix,NDMI,301-330,316,6,56917,0.21745872497558594,0.24048542976379395,0.27803975343704224,0.2103281319141388,0.24048542976379395,0.2910662889480591,0.013138939626514912,0.45099256932735443,-0.6084656119346619,0.6860599517822266
MO_FA_BALANCED,Balanced spruce–beech mix,NDRE,061-090,76,1,10907,0.41490307450294495,0.41490307450294495,0.41490307450294495,0.41490307450294495,0.41490307450294495,0.41490307450294495,0.2405216544866562,0.5753706693649292,0.026840655133128166,0.663500189781189
MO_FA_BALANCED,Balanced spruce–beech mix,NDRE,091-120,106,1,11164,0.39583083987236023,0.39583083987236023,0.39583083987236023,0.39583083987236023,0.39583083987236023,0.39583083987236023,0.30176740884780884,0.5076962113380432,0.1256871223449707,0.6256692409515381
MO_FA_BALANCED,Balanced spruce–beech mix,NDRE,121-150,136,5,53085,0.3933677613735199,0.3947044312953949,0.4538275897502899,0.3924766480922699,0.3947044312953949,0.4565161168575287,0.3330307900905609,0.5000337958335876,0.1394847184419632,0.6305958032608032
MO_FA_BALANCED,Balanced spruce–beech mix,NDRE,151-180,166,1,11265,0.6649491786956787,0.6649491786956787,0.6649491786956787,0.6649491786956787,0.6649491786956787,0.6649491786956787,0.5734853744506836,0.7110608220100403,0.3566208481788635,0.7506794333457947
MO_FA_BALANCED,Balanced spruce–beech mix,NDRE,181-210,196,6,65026,0.6454852521419525,0.6671798229217529,0.6793743968009949,0.6341184973716736,0.6671798229217529,0.6896840333938599,0.5477783381938934,0.713398277759552,0.17366211116313934,0.7717482447624207
MO_FA_BALANCED,Balanced spruce–beech mix,NDRE,211-240,226,9,98826,0.6211479425430297,0.6592779755592346,0.6928519606590271,0.595856785774231,0.6592779755592346,0.6967453360557556,0.5769470930099487,0.7029955983161926,0.1323118507862091,0.7694515585899353
MO_FA_BALANCED,Balanced spruce–beech mix,NDRE,241-270,256,2,22530,0.6613537311553955,0.6670310497283936,0.6727083683013916,0.659934401512146,0.6670310497283936,0.6741276979446411,0.5773112177848816,0.7060759961605072,0.32020026445388794,0.7486069798469543
MO_FA_BALANCED,Balanced spruce–beech mix,NDRE,271-300,286,10,109450,0.5306154966354371,0.5419580936431885,0.6237142086029053,0.5027472376823425,0.5419580936431885,0.6530237793922424,0.451591357588768,0.6594685316085815,0.21629971265792847,0.8881491422653198
MO_FA_BALANCED,Balanced spruce–beech mix,NDRE,301-330,316,6,56917,0.5244106650352478,0.540599524974823,0.5704286396503448,0.5128909945487976,0.540599524974823,0.5757102370262146,0.4435085654258728,0.6678235232830048,0.16540679335594177,1.0
MO_FA_BALANCED,Balanced spruce–beech mix,NDVI,061-090,76,1,10907,0.5964614152908325,0.5964614152908325,0.5964614152908325,0.5964614152908325,0.5964614152908325,0.5964614152908325,0.3413722813129425,0.79830002784729,0.017369117587804794,0.95540452003479
MO_FA_BALANCED,Balanced spruce–beech mix,NDVI,091-120,106,1,11164,0.5734913945198059,0.5734913945198059,0.5734913945198059,0.5734913945198059,0.5734913945198059,0.5734913945198059,0.4248207211494446,0.7254268527030945,0.04749244078993797,0.8444197773933411
MO_FA_BALANCED,Balanced spruce–beech mix,NDVI,121-150,136,5,53085,0.5835113644599914,0.5902339816093445,0.701331901550293,0.5790296196937561,0.5902339816093445,0.7336732149124146,0.47328582406044006,0.7536283731460571,0.09795837104320526,0.8907251954078674
MO_FA_BALANCED,Balanced spruce–beech mix,NDVI,151-180,166,1,11265,0.8877509832382202,0.8877509832382202,0.8877509832382202,0.8877509832382202,0.8877509832382202,0.8877509832382202,0.8080419301986694,0.913399338722229,0.45828357338905334,0.9295703172683716
MO_FA_BALANCED,Balanced spruce–beech mix,NDVI,181-210,196,6,65026,0.8659913241863251,0.8801871538162231,0.8921155035495758,0.8578344583511353,0.8801871538162231,0.8932276368141174,0.7681374549865723,0.9131752848625183,0.11937442421913147,0.944084882736206
MO_FA_BALANCED,Balanced spruce–beech mix,NDVI,211-240,226,9,98826,0.8342699766159057,0.8762133121490479,0.8963138580322265,0.7895110845565796,0.8762133121490479,0.8978588581085205,0.7986590266227722,0.9049913287162781,0.1714380830526352,0.9498772621154785
MO_FA_BALANCED,Balanced spruce–beech mix,NDVI,241-270,256,2,22530,0.866435992717743,0.8721677660942078,0.8778995394706726,0.8650030493736267,0.8721677660942078,0.8793324828147888,0.7874570190906525,0.9007048010826111,0.2975822687149048,0.9228915572166443
MO_FA_BALANCED,Balanced spruce–beech mix,NDVI,271-300,286,10,109450,0.7090178430080414,0.8030654489994049,0.8688405752182007,0.6736199259757996,0.8030654489994049,0.8781601786613464,0.702572762966156,0.8934499621391296,0.2907470166683197,1.0
MO_FA_BALANCED,Balanced spruce–beech mix,NDVI,301-330,316,6,56917,0.7242556512355804,0.754286527633667,0.768770694732666,0.723458468914032,0.754286527633667,0.7718000411987305,0.5995132923126221,0.895121842622757,0.3046378791332245,1.0
MO_PURE,Pure spruce,NBR,061-090,76,1,15881,0.5985140800476074,0.5985140800476074,0.5985140800476074,0.5985140800476074,0.5985140800476074,0.5985140800476074,0.33562126755714417,0.7129998207092285,-0.6779103875160217,0.8540411591529846
MO_PURE,Pure spruce,NBR,091-120,106,1,19230,0.5082967877388,0.5082967877388,0.5082967877388,0.5082967877388,0.5082967877388,0.5082967877388,0.23813961446285248,0.6699674129486084,-0.17359843850135803,0.8867992758750916
MO_PURE,Pure spruce,NBR,121-150,136,5,96183,0.4456783592700958,0.45357581973075867,0.49205769300460817,0.44041338562965393,0.45357581973075867,0.5036937594413757,0.22201481461524963,0.6206263899803162,-0.5730121731758118,0.8746970295906067
MO_PURE,Pure spruce,NBR,151-180,166,1,20710,0.6356231570243835,0.6356231570243835,0.6356231570243835,0.6356231570243835,0.6356231570243835,0.6356231570243835,0.49694448709487915,0.6967263221740723,-0.15296871960163116,0.7645019888877869
MO_PURE,Pure spruce,NBR,181-210,196,6,115905,0.6120114922523499,0.622203141450882,0.6463200151920319,0.610187292098999,0.622203141450882,0.6561959981918335,0.45905253291130066,0.6921768486499786,-0.7843689918518066,0.8629441857337952
MO_PURE,Pure spruce,NBR,211-240,226,9,180339,0.6366555213928222,0.6573904752731323,0.6678247809410095,0.6339428424835205,0.6573904752731323,0.6727609038352966,0.4848707914352417,0.7140653133392334,-0.7117733359336853,0.8306217789649963
MO_PURE,Pure spruce,NBR,241-270,256,2,41420,0.6225970387458801,0.6359286904335022,0.6492603421211243,0.6192641258239746,0.6359286904335022,0.6525932550430298,0.43491680920124054,0.7026595771312714,-0.6443111896514893,0.7979078888893127
MO_PURE,Pure spruce,NBR,271-300,286,10,201707,0.5904963910579681,0.6464023590087891,0.6798354864120484,0.5300986766815186,0.6464023590087891,0.6821533441543579,0.40684908628463745,0.7413887977600098,-0.8360920548439026,0.8759233355522156
MO_PURE,Pure spruce,NBR,301-330,316,6,104463,0.5621402859687805,0.6002947986125946,0.6324766278266907,0.5344057083129883,0.6002947986125946,0.6419446468353271,0.3410562127828598,0.7337253987789154,-0.6977763175964355,0.9063962697982788
MO_PURE,Pure spruce,NDMI,061-090,76,1,15881,0.36795786023139954,0.36795786023139954,0.36795786023139954,0.36795786023139954,0.36795786023139954,0.36795786023139954,0.11677723377943039,0.5069722533226013,-0.7754191160202026,0.751315712928772
MO_PURE,Pure spruce,NDMI,091-120,106,1,19230,0.2627004384994507,0.2627004384994507,0.2627004384994507,0.2627004384994507,0.2627004384994507,0.2627004384994507,0.02662964165210724,0.4386788010597229,-0.23388734459877014,0.7903009057044983
MO_PURE,Pure spruce,NDMI,121-150,136,5,96183,0.20362141132354736,0.20488539338111877,0.24011688232421874,0.20277875661849976,0.20488539338111877,0.2508081793785095,0.002987236250191927,0.36918404698371887,-0.6227783560752869,0.7835162878036499
MO_PURE,Pure spruce,NDMI,151-180,166,1,20710,0.3617590665817261,0.3617590665817261,0.3617590665817261,0.3617590665817261,0.3617590665817261,0.3617590665817261,0.22980055212974548,0.43422675132751465,-0.2277282327413559,0.5515881180763245
MO_PURE,Pure spruce,NDMI,181-210,196,6,115905,0.3341393619775772,0.34065739810466766,0.36200466752052307,0.3339955806732178,0.34065739810466766,0.3815995454788208,0.19465745985507965,0.4237021207809448,-0.830496609210968,0.6383928656578064
MO_PURE,Pure spruce,NDMI,211-240,226,9,180339,0.3461886167526245,0.3736130893230438,0.3792610287666321,0.34395158290863037,0.3736130893230438,0.3807724118232727,0.20194220542907715,0.4510175883769989,-0.8057079911231995,0.6052464842796326
MO_PURE,Pure spruce,NDMI,241-270,256,2,41420,0.33203158974647523,0.3470151722431183,0.36199875473976134,0.32828569412231445,0.3470151722431183,0.3657446503639221,0.15571429580450058,0.4323199391365051,-0.744849443435669,0.5755552053451538
MO_PURE,Pure spruce,NDMI,271-300,286,10,201707,0.3170895129442215,0.36429373919963837,0.4109291970729828,0.2644384205341339,0.36429373919963837,0.41141730546951294,0.13393709808588028,0.4984849542379379,-0.8834338188171387,0.7263212203979492
MO_PURE,Pure spruce,NDMI,301-330,316,6,104463,0.30501140654087067,0.3323197066783905,0.3742496371269226,0.28230807185173035,0.3323197066783905,0.39192843437194824,0.06253628060221672,0.495248407125473,-0.784440815448761,0.7495024800300598
MO_PURE,Pure spruce,NDRE,061-090,76,1,15881,0.4932193160057068,0.4932193160057068,0.4932193160057068,0.4932193160057068,0.4932193160057068,0.4932193160057068,0.27774107456207275,0.5899441242218018,-0.06889365613460541,0.7713058590888977
MO_PURE,Pure spruce,NDRE,091-120,106,1,19230,0.441920667886734,0.441920667886734,0.441920667886734,0.441920667886734,0.441920667886734,0.441920667886734,0.2926846146583557,0.5355600714683533,0.0121724558994174,0.6344301700592041
MO_PURE,Pure spruce,NDRE,121-150,136,5,96183,0.41855454444885254,0.44248130917549133,0.4800726711750031,0.41855454444885254,0.44248130917549133,0.4914673864841461,0.3316590189933777,0.5133674740791321,-0.01987883448600769,0.6699029207229614
MO_PURE,Pure spruce,NDRE,151-180,166,1,20710,0.594525933265686,0.594525933265686,0.594525933265686,0.594525933265686,0.594525933265686,0.594525933265686,0.5221511125564575,0.6763830184936523,0.07057753950357437,0.7433791756629944
MO_PURE,Pure spruce,NDRE,181-210,196,6,115905,0.5871142148971558,0.5981916189193726,0.613190621137619,0.5832331776618958,0.5981916189193726,0.6208446025848389,0.49008268117904663,0.6820006668567657,-0.055888302624225616,0.7710998058319092
MO_PURE,Pure spruce,NDRE,211-240,226,9,180339,0.5742890357971191,0.6082895398139954,0.6303783178329467,0.5631484985351562,0.6082895398139954,0.6306172609329224,0.5180938243865967,0.6839414238929749,0.04539006948471069,0.7858959436416626
MO_PURE,Pure spruce,NDRE,241-270,256,2,41420,0.6114149272441864,0.6176846921443939,0.6239544570446014,0.6098474860191345,0.6176846921443939,0.6255218982696533,0.5078503489494324,0.6859021186828613,0.05908885970711708,0.7626523375511169
MO_PURE,Pure spruce,NDRE,271-300,286,10,201707,0.5527166187763214,0.588449627161026,0.6108606338500977,0.5411542057991028,0.588449627161026,0.6195149421691895,0.47575347125530243,0.6623002588748932,-0.01097560953348875,0.982340931892395
MO_PURE,Pure spruce,NDRE,301-330,316,6,104463,0.5478640794754028,0.5846444070339203,0.6032998263835907,0.5394594669342041,0.5846444070339203,0.6068702340126038,0.4444591850042343,0.6585308611392975,-0.1577547937631607,1.0
MO_PURE,Pure spruce,NDVI,061-090,76,1,15881,0.6983240246772766,0.6983240246772766,0.6983240246772766,0.6983240246772766,0.6983240246772766,0.6983240246772766,0.3919432759284973,0.8235822319984436,-0.002376517513766885,1.0
MO_PURE,Pure spruce,NDVI,091-120,106,1,19230,0.6491308808326721,0.6491308808326721,0.6491308808326721,0.6491308808326721,0.6491308808326721,0.6491308808326721,0.4229027330875397,0.7658364176750183,0.014949670061469078,0.8678016066551208
MO_PURE,Pure spruce,NDVI,121-150,136,5,96183,0.6351662278175354,0.6513407230377197,0.7113554954528809,0.6351662278175354,0.6513407230377197,0.7119636535644531,0.4806075692176819,0.7712725400924683,-0.018559295684099197,0.931993305683136
MO_PURE,Pure spruce,NDVI,151-180,166,1,20710,0.8346203565597534,0.8346203565597534,0.8346203565597534,0.8346203565597534,0.8346203565597534,0.8346203565597534,0.7519665956497192,0.894209086894989,0.10372608155012131,0.9326357245445251
MO_PURE,Pure spruce,NDVI,181-210,196,6,115905,0.8143375515937805,0.8224790096282959,0.8419962227344513,0.8130106925964355,0.8224790096282959,0.8436801433563232,0.7086639404296875,0.8898735642433167,-0.38004401326179504,0.9444444179534912
MO_PURE,Pure spruce,NDVI,211-240,226,9,180339,0.7807271957397461,0.8271089196205139,0.8499152183532714,0.74257493019104,0.8271089196205139,0.8515863418579102,0.7300131916999817,0.8831653594970703,-0.1690140813589096,0.947692334651947
MO_PURE,Pure spruce,NDVI,241-270,256,2,41420,0.8204049408435822,0.8264416754245758,0.8324784100055694,0.8188957571983337,0.8264416754245758,0.8339875936508179,0.7060404419898987,0.8824223279953003,-0.008419083431363106,0.9262890219688416
MO_PURE,Pure spruce,NDVI,271-300,286,10,201707,0.7933234453201294,0.8343387246131897,0.8492804050445557,0.7506842613220215,0.8343387246131897,0.8691672682762146,0.668438583612442,0.8933070302009583,-0.18138159811496735,1.0
MO_PURE,Pure spruce,NDVI,301-330,316,6,104463,0.7693134248256683,0.8118106424808502,0.8358713090419769,0.7601488828659058,0.8118106424808502,0.8443257808685303,0.6244689226150513,0.8867638111114502,-0.20188598334789276,1.0
